mol_id,smiles,logp
0,C(C=CBr)N,0.3
1,CCC(CO)Br,1.3
2,[13CH3][13CH2][13CH2][13CH2][13CH2][13CH2]O,2.0
3,CCCOCCP,0.6
4,C(C(F)(F)F)F,1.7
5,[2H]C([2H])C(C)(C)Cl,1.8
6,CCCC(CI)O,2.0
7,CCCCCC[CH+]C,3.9
8,C(CO)NCCO,-1.4
9,CCCCP(C)P,1.1
10,C(O)OOOCO,-1.0
11,C1CC1CCP,1.4
12,COCCC(Cl)Cl,1.8
13,[2H]C1=CSC=C1[2H],1.8
14,CCCCCl,2.6
15,C(=O)C(N)Br,-0.3
16,C(=S)(S)[S-],1.5
17,C(C(CBr)S)Br,2.1
18,CCSCCCCN,1.0
19,CC(C)C(C)O,1.3
20,CCCOC(C)N,0.6
21,CCC[I-]I,3.5
22,CC[CH]CC(C)CC,4.3
23,CN(C)CCCBr,1.4
24,C(CO)COS,0.2
25,CC(C)NCCl,1.3
26,C=CC(P)P,0.4
27,COCCl,0.8
28,C(SF)SF,1.9
29,CC(=S)P,0.3
30,C[I-]CON,0.7
31,CCC[C@@H](CN)N,-0.3
32,C(F)(F)(S)Cl,2.0
33,CC(CO)SO,-0.3
34,CC(=C)CCl,2.1
35,CCI(C)NC,1.6
36,C(=S)(S)I,1.8
37,[2H]C(C(C)(C)C)N,1.0
38,CC(C(F)F)F,1.9
39,C(CP)CP,-0.1
40,C[C@H](CNC)OC,0.1
41,C(N)(S)S,0.1
42,COOOBr,1.1
43,C(CS)CBr,1.6
44,CC=PP,-1.1
45,CCC(C)CCF,2.8
46,CCCNP(C)C,0.6
47,C(N)(N)NP,-2.0
48,C[C@H](CCN)CO,-0.2
49,C(CSCCCl)N,0.5
50,C1CSSS1,1.1
51,CCC(NC)Cl,1.4
52,C(CC=S)CO,-0.1
53,COCCNPF,0.1
54,[2H]C([2H])([2H])C(C)(C)CO,1.3
55,[2H]C(P([3H])C)I,0.7
56,[2H]C([2H])([2H])C([2H])([2H])C([2H])([2H])CO,0.9
57,C1CC1OI,1.5
58,C([C@H](F)Br)O,0.8
59,CS(N)(Cl)Cl,1.7
60,[CH]C[C@H](CO)O,-0.2
61,CNCCN(C)N,-0.9
62,C(OS)OSI,1.8
63,C(P)P=O,-1.0
64,CC(C)N(F)F,1.2
65,CCC(C)OCO,0.8
66,CC(F)(F)Br,2.1
67,C[S+](C)CCO,0.2
68,[2H]C([2H])(C)CI,2.6
69,C(O)OOC=O,-0.4
70,C(OOSF)F,1.5
71,CC(C=C)S,1.6
72,CCC(C)CC[NH3+],1.5
73,CC(C)CCOCl,2.6
74,CN(C)NN(C)C,0.3
75,CCCCOC,1.7
76,CSOSS,1.4
77,C[NH2+]/C=C\S,0.6
78,CCCCCC[CH]C,3.9
79,CCC(C)[CH+]C,3.2
80,C1CO[PH2+]C1,0.1
81,CCC(CO)S,0.8
82,C=II,2.3
83,C1C(CO1)Cl,0.5
84,[2H]C(CCO)CO,-0.8
85,CNC(=S)[S-],0.7
86,C[C@H](CS)NC,0.5
87,C(O)OCS,-0.1
88,C[C@H](N)NI,-0.3
89,C[C@H]([C@H](C)S)S,1.7
90,C(C(CF)Cl)F,1.6
91,[3H]OOCCCCCC,1.9
92,C(S)[I-]S,1.8
93,CSCCCl,1.5
94,CCOC(N)N,-1.2
95,C=IC(S)S,2.1
96,CS(=S)O,2.2
97,CCCPCCC,1.7
98,COP(C)Cl,0.8
99,C(CN[NH3+])N[NH3+],-2.1
100,CP([O-])S,-0.2
101,CC(C)C(I)I,3.3
102,C1CNPN1,-0.8
103,CCC(C)C(C)C,3.4
104,CC1CC[C]C1,3.4
105,CCCCCOC,1.9
106,C(C(F)(F)F)O,0.4
107,C=CNSCN,0.4
108,[2H]CC([2H])([2H])C([2H])([2H])C([2H])([2H])Br,2.8
109,COCCNCN,-1.2
110,C[C@@H](CCCO)O,0.0
111,CCCC(CCC)Br,3.6
112,CCCOCl,1.8
113,CC(CCNC)Cl,1.2
114,CCN(C)SS,1.6
115,CC(C)(C)SI,2.7
116,COCCSPO,-0.3
117,C(NCF)F,0.7
118,[2H]C([2H])([2H])CCCCBr,3.4
119,CC(C)([CH])C[CH],3.0
120,C(F)(F)(F)SS,2.2
121,CCO[C@H](C)CO,0.2
122,CCC=C.CC=CC,4.2
123,CCC[C@@H](C)[NH3+],1.0
124,CN(C)COO,-0.3
125,C(=O)(N)I,0.0
126,CC(C)NCCBr,1.4
127,CCCOCCl,1.7
128,C([C@H](F)Cl)Cl,1.9
129,CCSNSC,1.0
130,C[C]/C=C\[S-],1.7
131,CC(OC)Cl,1.2
132,CCNCI=N,1.5
133,CCS[S-],1.3
134,C(CPCP)PCP,-0.8
135,[2H]N([2H])CCCCN,-0.9
136,CCC[C@H](C)S,2.2
137,[3H]C1CCCNC1,0.8
138,C[C@H](COP)O,-0.3
139,C(CCO)CCBr,1.4
140,C([C+]=O)Br,0.5
141,CCCN(C)P,1.0
142,C(C(S)(S)S)O,0.5
143,CCCSCSC,2.5
144,CCCC(C)CO,1.8
145,C[C@H](CO)NP,-0.6
146,CSCSC=S,2.0
147,CCCC[C+](C)C,3.7
148,CONCI,0.6
149,COSS,1.0
150,C[C@@H](CN)NC,-0.7
151,C(CCF)CON,0.4
152,CC(C)OOCO,0.3
153,C(COP)CBr,1.1
154,C(CS)OCO,-0.2
155,C(O)[I-]S,0.8
156,CC(COC)NC,0.1
157,C[11CH-]I,2.1
158,C1C[SH+]CCO1,0.5
159,CC(CCF)NC,0.9
160,CC(C(F)F)Cl,2.1
161,[2H][12C]([2H])([2H])I,1.5
162,C(COCCN)N,-1.8
163,C(N)[I-]F,0.6
164,C(COCCO)O,-1.3
165,CC[C@@H](CCCl)Cl,2.7
166,C(C(F)(F)F)N,0.2
167,CCNNNNI,-0.2
168,CCSOOOS,1.5
169,CC[C@@H](C)CCS,2.7
170,C(N)(O)(F)F,-0.5
171,[CH2]C(F)(F)F,1.7
172,C[CH]CCC(C)C,3.7
173,C1CCPPCC1,0.7
174,C1CC[N-]CC1,0.8
175,C1CCSOC1,1.0
176,[2H]OCCSSCCO[2H],-0.5
177,CCCCCSBr,3.2
178,CCCN(C)C[18F],1.6
179,CC(O)P=O,-1.0
180,CCSC[C]=O,0.8
181,C([C@H](F)Br)Br,2.3
182,CC(C)N(C)[CH2-],1.1
183,C/C=C\CCCl,2.2
184,CC(S)I,1.7
185,C(CS)OOCN,-0.4
186,CSSCSS,1.7
187,CCPSN,0.0
188,C=CCCSN,0.8
189,C(CCOS)CO,0.6
190,CCCCOCCCC,3.2
191,CC(C)N(C)P,0.9
192,C1CCNNCC1,0.4
193,CS(=S)S,2.8
194,C(=N\I)\I,1.7
195,C(CO)NCF,-0.4
196,[3H]CCOCCS,0.7
197,C(SO)[I-]P,0.6
198,CC(C)OOOI,1.8
199,CCSSCF,1.7
200,CC(C)C(C)N,1.0
201,C(CBr)NCCI,1.7
202,CCCNSCCC,2.0
203,[2H]C1=CC=C(C=C1)[2H],2.1
204,CC=CCCS,1.9
205,C1C[CH]COC1,0.9
206,[2H]C([2H])(CC(C)C)O,1.2
207,COCCCOCl,1.1
208,CCC(N)SS,1.1
209,[13CH3]S(=O)[O-],-1.1
210,C[C@@H](COC)O,-0.2
211,C[C-](C)CCCC[CH2-],4.3
212,[2H]C(CCCC)CCCCC,5.0
213,C=CCCC[CH],3.4
214,[CH2]CC(S)S,1.9
215,C([C@H]([13CH2]O)O)O,-1.8
216,CCNP([O-])[O-],-1.1
217,CNC1SS1,0.5
218,C(OPO)POO,-1.2
219,CSOON=O,0.5
220,C(CCS)CS,1.5
221,CI1C[I-]1,2.9
222,C(OOCCl)Cl,1.5
223,CC(C)CSCO,1.6
224,C(F)SOO[O-],0.4
225,CC(CO)COO,-0.3
226,CCCC(CBr)F,2.6
227,C([13C@@H]([13CH2]O)O)O,-1.8
228,CNCP(C)C,-0.4
229,C(N)(N)(N)SN,-2.9
230,CN(CCCl)Cl,1.2
231,C(I)I,2.3
232,CCS(O)(O)O,-0.2
233,CSC(CO)O,-0.3
234,C1[CH]CNCN1,-0.4
235,[2H]C([2H])([2H])C(C([2H])([2H])[2H])P,0.7
236,COS[I-]O,0.9
237,C(CF)OCS,0.8
238,CC(C(C)S)[O-],1.8
239,CC(C)CCNO,1.0
240,C[C@H]([C@H](Cl)Br)Br,2.9
241,C(CCl)C(O)F,1.0
242,C(=O)C(F)Br,1.0
243,CC[CH]C(C)C,3.2
244,CCSC(C)P,1.4
245,C(OOO)I,0.4
246,C=CI=C,2.3
247,CC[CH]Br,2.1
248,C(C(CI)Br)O,1.5
249,[2H]C1=CSC=N1,0.4
250,C(C(CP)O)O,-1.4
251,CCCCSPC,1.6
252,C([C]=O)SCl,0.8
253,C(P)PSSN,-0.2
254,C(N)SNN,-1.4
255,C(C(CCl)Br)F,2.0
256,CC(OCS)Cl,1.6
257,CCCCC[I-]Cl,4.1
258,CCC(CCN)S,0.9
259,C[CH]SS,1.3
260,C(CSC=O)F,1.0
261,CSPSN,0.1
262,CN(C)CC[Cl+]C,0.9
263,C(=S)NSO,0.1
264,CSSCC[NH3+],0.0
265,C[CH-]C/C=C\C,2.6
266,CCOOP(O)O,-0.6
267,C1[CH]COCN1,-0.1
268,CN(COC)O,-0.3
269,C[C@@H]([CH2])CC(C)C,3.4
270,CCN(C)CCO,-0.1
271,CCP(CC)[S-],1.2
272,C[CH+]CC[C](N)O,0.5
273,CC[CH]C(C)P,1.6
274,C[C@H](CCCCl)Cl,2.6
275,CCOCOBr,1.3
276,C1CSP1S,0.6
277,CSCSCSC,2.4
278,CN(N)Cl,-0.1
279,C[C@H](CCOC)N,-0.1
280,[3H]N1CCNCC1,-1.5
281,C[CH]CCCOOC,1.9
282,C(C(O)ON)O,-1.9
283,C([C@H](CS)N)O,-1.0
284,[2H]C(=C)I,1.7
285,C=NCCCCl,2.3
286,CCCSSO,1.3
287,[CH2]CC(F)(F)F,2.2
288,C[C@@H](C(F)F)F,1.9
289,COCCP,-0.2
290,CC(C)([CH2-])CO,1.3
291,CCC[C@@H](O)Br,1.7
292,CC(P(C)C)S,0.8
293,CCCCC[C-]=C,4.0
294,C(CF)[C@@H](O)Cl,1.0
295,CN(C)C(N)N,-1.4
296,C(C[NH3+])CNCC[NH3+],-1.7
297,[CH2-]C([CH2+])CCCN,1.3
298,CC1SS1,1.2
299,CI(S)I,2.7
300,CCC([CH2])OCC,1.8
301,CCOCC[NH-],-0.5
302,CN(C)[S+](F)F,2.2
303,CCCC[C@@H](C)Cl,3.0
304,CNNCCCN,-1.0
305,C([CH]CBr)Br,2.4
306,C[N-]CCSC,0.4
307,[2H]C(CC)C([2H])(C([2H])([2H])C([2H])([2H])[2H])O,1.7
308,CC(CCCBr)F,2.5
309,[CH2+]CCS[O-],0.8
310,CP(C)CCCO,-0.4
311,C1CCC(C1)[O-],1.9
312,CCONCNC,-0.1
313,CP(CO)CO,-1.2
314,CNSS,0.7
315,CON(CO)OC,-0.2
316,C(CCCl)CO,0.8
317,C(=O)C(I)I,1.2
318,C=CNCCN,-0.1
319,[2H]C([2H])(CCCCBr)C([2H])([2H])Br,3.2
320,CCCC(NC)O,0.5
321,CCCCP(F)F,2.3
322,[2H]C([2H])(C([2H])(C)Cl)Cl,1.8
323,CCS[C](C)C,2.0
324,CCCOC[CH2+],1.3
325,CPPC,-0.2
326,C(C[O-])CCl,1.6
327,C(CC(O)O)CI,1.0
328,CS/C=C/C[CH2],2.0
329,COC(NN)S,-0.5
330,CSC(N)NN,-1.0
331,CCC(OC)F,1.5
332,CCC(C)C[N-]C,1.5
333,CCC(CC)SCC,3.1
334,C(NC(F)F)(F)F,1.7
335,C(CF)NCCI,1.2
336,[3H]CSOO[3H],0.0
337,CC[C@H](CN)F,0.6
338,C(CCl)CCl,2.0
339,CCNNNCC,0.1
340,CC(C(O)P)O,-0.9
341,[2H]C#CCBr,1.1
342,CC(C)(S)S,1.5
343,CC(COCO)O,-0.8
344,CON=NI,1.7
345,CCC[C](C)CC,3.7
346,C(C[PH+](O)[O-])N,-2.1
347,COCCCOOC,0.3
348,C(C(=O)[O-])[SH2+],0.8
349,C(CCI)CP,1.9
350,C[C@H](CO)S,0.3
351,CCC(C)PCC,1.6
352,C(C(Cl)Br)F,2.1
353,CCC(CC)CCl,2.9
354,CN([CH2+])CCCN,-0.3
355,[2H]C([2H])(CBr)CBr,2.4
356,CN(C)CCNF,-0.1
357,C(=S)(F)F,1.4
358,C1C(O1)Br,0.8
359,C[P+](C)(Cl)Cl,1.5
360,C(CCON)CON,-0.8
361,C(F)(Cl)(Cl)Br,2.7
362,C[C-](C)N(C)C,1.1
363,[2H]C([2H])([2H])OCCC[CH+]C,1.9
364,CCCC(CO)F,1.2
365,C=C(Cl)Br,2.4
366,C(CSSS)O,0.7
367,[3H]SI(C)F,2.4
368,C(CF)NCF,0.6
369,CCCCOOCC,1.7
370,CCCCCC[CH+]CC,4.5
371,C([C@H](Cl)Br)Br,2.5
372,CCOC(C)O[O],0.3
373,CCC(C)CCP,2.1
374,[C-](=S)PF,0.9
375,C(C(CCl)N)F,0.3
376,C1=NC=PP1,-1.2
377,[3H][C-](OC)SC,0.8
378,CSOCCl,1.2
379,CCCC[S-],2.3
380,C[CH-]C(C)C(C)C,3.4
381,CP(SC)SC,0.8
382,CC/C=C/CO,0.9
383,CC(C)[I-]F,2.9
384,CCC[C@H](C)CC,3.7
385,CCC(CCS)Cl,2.4
386,CCN(O)OC,0.2
387,C[N+](C)(C)O[11CH3],0.3
388,C[C@H](CON)N,-1.2
389,C1CCN[14CH2]C1,0.8
390,C(=O)SS,0.7
391,C(=NI)NI,1.1
392,C=CCCC=C,2.9
393,C(PP)Br,0.6
394,CCN(C)SC,1.1
395,C(CO)CP=O,-1.1
396,CCNC[C@@H](C)N,-0.3
397,C(CI)I,2.7
398,CPSCN,-0.5
399,[C@@H]([C@H](Cl)Br)(Cl)Br,3.3
400,[2H]C([2H])([2H])C([2H])([2H])[N+](=O)[O-],0.2
401,C(CN(O)[O-])N,-1.7
402,C(C(N)N)(N)N,-3.2
403,C(CN)C(N)O,-1.8
404,[2H]S(=P)C,1.0
405,CCC[C@H](C)I,3.4
406,CSSCCSSC,1.6
407,C(CI)NNN,-0.1
408,CP(C)NP(C)C,-0.4
409,CCCC(C)Br,2.7
410,C1CO[CH]OC1,-0.2
411,CNI(C)C,1.1
412,CC(F)(F)Cl,2.0
413,C(CO)N(N)N,-1.9
414,COCC(O)OC,-0.6
415,CCOC(C)OO,0.3
416,C(/C=C/N)Br,0.6
417,CCPC=CC,1.0
418,CC(=[18O])Cl,0.8
419,[2H][C]([2H])[Cl+]Cl,1.6
420,C(CO)[C@@H](O)Cl,0.0
421,C[C@@H](CNC)OC,0.1
422,C(COCN)CS,-0.1
423,C(=N/O)\I,0.9
424,CCOCOCC,0.8
425,C(CF)C(F)I,2.1
426,C(C(CO)CP)O,-1.2
427,CCOCCCP,0.5
428,C(NCl)ONN,-0.9
429,CNSNC,0.0
430,CC/C=C/C[19F],1.9
431,C(C(CN)CS)N,-1.1
432,CC(CC[CH2])Br,2.7
433,C=CCNCCl,1.1
434,CCCCC(C)[CH2],3.7
435,CC(C=O)S,0.4
436,C1CC1CC[NH],0.8
437,C[S+](C)CS,1.3
438,C(COCCF)N,-0.5
439,C(O)(Cl)([Cl+])[Cl+],1.5
440,CCCCOS,1.8
441,CCC(C)CN,1.0
442,CCN(C)CCF,1.0
443,CCCC(C)[CH],3.2
444,CCC(OCC)P,1.2
445,CCCCOCBr,2.5
446,CCCOP(O)O,-0.1
447,CCCC(C)OS,2.2
448,C(C[NH2+]CCO)[NH3+],-1.7
449,C[C@@H](CN)S,0.0
450,CC(CCCO)N,-0.3
451,C(CN)C(O)Cl,-0.3
452,CN(C)CCNO,-0.7
453,C(C(I)I)O,1.3
454,C[C@@H](CCOC)O,0.2
455,CCP(O)Cl,0.6
456,C(C(O)O)(N)O,-2.4
457,[2H]C([2H])([2H])C([2H])(C)NC([2H])(C([2H])([2H])[2H])C([2H])([2H])[2H],1.4
458,[2H][13C](C)([13C]([2H])(C)O)N,-0.5
459,CN(CO)OC,-0.3
460,[CH]([ClH+])Cl,1.5
461,[2H]C1(CNC(CN1)([2H])[2H])[2H],-1.5
462,CC1COOC1,0.7
463,CCCCC[C-](C)C,4.3
464,C(N)(S)Br,0.6
465,CCOCC(Cl)Cl,1.8
466,CC(C)(C)PCl,1.7
467,CP(CN)S,-0.4
468,C1=CC#[P+]C=C1,0.5
469,C=[C]CCCO,1.0
470,C[C@@H](CF)CBr,2.1
471,C(CI)CI,3.0
472,CCCCCOBr,2.8
473,COP(N)N,-1.5
474,CC1OOOO1,0.5
475,C(C(O)F)Br,0.8
476,CCCC=CS,2.2
477,[2H]N=I([2H])(C)I,2.9
478,CCN(CC)SC,1.4
479,CSPC=C,0.8
480,CCCCOCI,2.4
481,C[S+](C)CC=C,1.5
482,C(C=CCI)I,3.0
483,CCC(CC)SBr,3.3
484,CCSSS,1.8
485,C1O[I-]1,0.8
486,C(CS)OC=O,0.4
487,C(PP)Cl,0.5
488,[2H]C([2H])([2H])CCCCCCC,3.9
489,[2H]C([2H])(C([2H])([2H])C([2H])([2H])N)C([2H])([2H])N,-0.9
490,C[P+](C)(N)N,-1.5
491,[2H]C(C)(C)P=S,1.7
492,C(OBr)Br,1.9
493,C(CO)[C@@H](N)O,-1.6
494,CCCCCCC[CH2-],3.9
495,CCCCNCCl,1.7
496,CCC(CCl)NC,1.3
497,CCC(CC)S,2.4
498,CC(C)N(S)S,2.0
499,[2H][C@](C)(COC)N,-0.4
500,[2H]C([2H])(C)C([2H])([2H])C([2H])([2H])C([2H])([2H])C([2H])([2H])O,2.0
501,CCSCCCCl,2.2
502,C1C[C+](C1)C[O-],1.9
503,C(/C=C/I)S,1.7
504,C[C@@H](C(Cl)Cl)Br,2.8
505,CSCCCS,1.5
506,[2H]C([2H])(CO)Br,0.2
507,CC(C)CCCBr,3.0
508,CC(C)(C)OS,1.5
509,CC(Cl)Br,2.1
510,C1NCNSN1,-0.5
511,C(CCNI)CN,-0.1
512,CC(CCCl)Cl,2.2
513,C1N(O1)Br,0.7
514,C[C@H](CCBr)F,2.1
515,CC[C@H](CBr)OC,1.8
516,CCNCN(C)C,0.3
517,CCC[C@@H](CO)Cl,1.5
518,[CH+]1C(O1)CCl,0.5
519,C(CCBr)COP,1.4
520,COCCC(F)F,1.3
521,CCCC(C)[13CH3],3.2
522,C(C[NH3+])C[NH2+]CC[NH3+],-1.7
523,[2H]C([2H])([2H])C(CCCBr)C([2H])([2H])[2H],3.0
524,CCCC[P@@](C)S,1.7
525,CCSSCN,0.4
526,C(C(Cl)Cl)(P)Cl,2.0
527,[2H]C([2H])(CCC)Br,2.8
528,[CH2-]CCCCCCCC[CH2-],5.0
529,C[S+]C(=N)[NH],0.2
530,C[C@H](CCO)F,0.7
531,CC(C)COI,2.3
532,CC(C)[S+](C)C,1.7
533,CCCCSCNC,1.8
534,CC(C)[CH]Br,2.3
535,CCO[CH]OCC,0.8
536,[CH2+]C[N-]CC[O],-0.5
537,CCCCNCCCl,1.6
538,CCC(CCl)OC,1.6
539,CC/C=C\CC,2.5
540,C1COC1[S-],0.7
541,C1COC1Br,1.1
542,CCC(S)Br,2.3
543,CC(C)[CH]C=C,2.7
544,[2H]CC(C)C(C)CC,3.4
545,C[C@@H]([C@@H](Cl)Br)Br,2.9
546,[2H]C(=O)OCCC,0.8
547,[CH]CCCCBr,3.4
548,C1CN(C1)I,0.8
549,C1CCNNC1,0.0
550,COCCCCOC,0.6
551,CCC[CH]CCOO,1.9
552,C=[O+]CCCO,0.8
553,[13CH3]S(=O)O,-0.5
554,CC[NH2+]CCOCC,0.4
555,C1[C@@H](O1)CBr,0.8
556,CC(C)N(Br)Br,2.0
557,CN(CI)S,1.5
558,C(=CCl)OBr,2.1
559,CS[C]SC,1.6
560,C([35Cl])[35Cl],1.5
561,CC(S)SCO,1.1
562,[2H]C(CCCC)C([2H])([2H])C([2H])([2H])Br,4.4
563,CC[CH][NH2+]CC,1.1
564,[2H][13CH]([13C@@H](C([2H])([2H])O)O)O,-1.8
565,C=CSCN,0.5
566,[2H]C(C)C(C)Br,2.3
567,[2H]C([2H])(CCCC)Br,3.4
568,CSNCC=O,-0.2
569,CCCNNCN,-0.4
570,C1CC1CCN,0.8
571,C[C@H](C[C@H](C)Br)Br,3.0
572,CCCOP=O,0.5
573,CSC(N)NCl,0.1
574,CCCC[C@H](F)S,2.8
575,[2H]C([2H])([2H])C([2H])([2H])C([2H])([2H])C([2H])([2H])C=O,1.1
576,CN(C)P(O)O,-0.8
577,CC(CCCP)N,0.1
578,CSOO[O-],0.0
579,CCCCC[NH],1.5
580,C(CF)C(O)Cl,1.0
581,[2H]C([2H])([2H])C(CC)(C([2H])([2H])[2H])O,0.9
582,CNSCC=C,0.9
583,CCCNCNC,0.4
584,C(CPO)C=O,-1.1
585,C1C(N1)CBr,0.4
586,CP(C)CCl,0.6
587,CC(C)(C)S,1.5
588,CC(CN)[S-],0.0
589,C1C(O1)CP,-0.4
590,CC(OC)ON,-0.3
591,CCC(CO)CS,1.0
592,C(CCCS)CCN,1.0
593,CCNC(O)O,-0.9
594,C(N)OOON,-1.4
595,[2H]CC([2H])(O)Cl,0.7
596,COCCCSO,0.2
597,CCC(S)I,2.2
598,COCCOCOO,-0.6
599,[CH2-]CCCC[CH2+],3.9
600,[2H]C1C(OC(C(O1)([2H])[2H])([2H])[2H])([2H])[2H],-0.3
601,CCCCCCOCl,3.2
602,C(CCl)OCCl,1.4
603,C(P)(P)Br,0.6
604,CSCCC=S,0.9
605,[2H]CC(CC)CF,2.3
606,C(NN(F)F)NF,-0.1
607,CCCC=[PH2+],-0.2
608,[2H]C1CCCCC1,3.4
609,C(C(F)Cl)F,1.7
610,C(C(N)(N)N)P,-2.8
611,CCSCN=C,2.5
612,COCCOP,-0.3
613,C(C(CS)O)F,0.2
614,C[C@H](F)I,1.8
615,C([C@@H](CCl)Cl)O,0.8
616,C(NI)[I-]SO,0.9
617,CCC[C@@H](N)I,1.3
618,C=NCCP,1.0
619,CC([CH])CCNC,1.5
620,C(CS)OCS,0.8
621,CCNNN(C)C,0.2
622,CS(C)(C)CCl,1.6
623,C(C(CS)CS)S,1.3
624,C(=S)OS,1.2
625,CCNNCN,-0.9
626,C(OO)OO,-1.0
627,C(ON)SSOP,0.0
628,CSPN,-0.4
629,CCCN(C)CP,0.9
630,CC(C[CH2])OO,0.9
631,CCO[CH][O+]=C,1.4
632,C(C(F)I)I,2.5
633,C(=NNO)Br,1.0
634,CCO[S+](C)C,1.3
635,C[NH+]C=CCl,1.1
636,C(CNCCBr)N,-0.4
637,C(P)(P)(Cl)Cl,0.9
638,CC(C)SCOC,1.6
639,C=NSN=C,3.5
640,C(=CI)P,0.9
641,[3H]COCCCC,1.7
642,CCN(C)PC,0.5
643,[CH2]N1CCCC1,0.9
644,CCC(C)NC[CH],1.4
645,CCI(C)I,3.6
646,CC(C)OPC,0.8
647,CCC[CH-]S,2.3
648,C(CC=O)CBr,0.8
649,CN(C)CNCN,-0.9
650,CCC(C)COC,1.8
651,[13CH2]([13CH]([13CH2]O)O)O,-1.8
652,CC[C@H](C)NOC,1.2
653,CCN(CC)CN,0.2
654,C1OCSCO1,0.6
655,CNSOO[O-],-0.2
656,CC(C)(C)PO,0.4
657,C(CO)N(Cl)Cl,0.2
658,CC(C[CH2])CCN,1.5
659,C(CCl)OCl,1.5
660,C(CCCCl)CCO,1.6
661,CC(CON)O,-0.9
662,C(C(=O)[O-])Cl,1.1
663,CN=IF,1.5
664,CCOCC[CH],1.3
665,CCCCCOCN,1.0
666,CCCC[C@@H](C)I,3.9
667,C1COSN1,0.1
668,[2H]C([2H])([2H])C([2H])([2H])C([2H])([2H])NCCC,1.7
669,CC(CCCS)N,0.7
670,[CH2]CCCCCS,3.3
671,CCNSNCC,0.7
672,C(C(CN)O)N,-2.3
673,C[P+](=S)S,1.5
674,C[C@H](CO)Br,0.7
675,[2H]C1(C(O1)([2H])C([2H])([2H])Cl)[2H],0.5
676,CCC(P)P,0.6
677,C1NNCNN1,-1.1
678,[CH]=C(F)Br,1.9
679,COC1CS1,0.7
680,CCCC(CN)F,0.9
681,CCSSCCO,0.6
682,C(CO)C(S)S,0.6
683,[3H]C(C)(C)C(C)S,2.3
684,C=CCC[CH]O,1.0
685,C[NH+](C)C[NH+](C)C,0.4
686,C(O)(F)Br,0.9
687,CC(C)PI,1.6
688,CS/N=N/SC,1.5
689,C1CC(C1)CO,0.8
690,C(OI)(F)F,1.9
691,CCCON(C)C,1.2
692,C(/C=C/N)S,0.1
693,CC(C)C([CH2])O,1.3
694,CNCNCNCN,-1.7
695,CC(CS)CBr,2.1
696,CCCCCCNS,2.6
697,CCC(CCCl)Br,2.9
698,C1CC1CS,1.3
699,C(S)SCS,1.6
700,[2H]C1CCCC(C1([2H])[2H])[2H],3.4
701,[2H]C([2H])([2H])C([2H])(C)C([2H])([2H])C([2H])([2H])O[2H],1.2
702,CO[I-]I,1.8
703,[2H]C([2H])(C([2H])([2H])S[2H])O[2H],-0.2
704,CSCCSC,1.5
705,C1=CN=NC=[NH+]1,-0.6
706,CCCCCNCl,1.9
707,[12CH2](Cl)Cl,1.5
708,C(CCSCl)CO,1.3
709,[2H]C(C)I,2.1
710,C(F)(F)(S)Br,2.1
711,CNSOO,-0.2
712,CP(C)CI,0.7
713,[2H]C([2H])([2H])CCC[CH]C([2H])([2H])[2H],3.9
714,C(CN)C(N)P,-1.5
715,C(CN)CON,-1.3
716,C(=C/Cl)\NO,0.6
717,CCC(CCCl)N,1.2
718,CCCNN=O,0.9
719,C(COCCBr)N,-0.1
720,CC(CCl)F,1.6
721,CCCNCF,1.1
722,CSOSO,0.5
723,CCCONO,0.2
724,C(OO)(Cl)Cl,1.0
725,C[NH+](CO)CO,-0.9
726,C(CO)NC[18F],-0.4
727,CP(CBr)CBr,1.6
728,CCCNCCNC,0.3
729,CC(C)(C)[PH2+][O-],0.3
730,[2H]C([2H])(CCCCC)Br,3.8
731,CNCCOO,-0.8
732,C[CH]CN(C)C,1.2
733,CNN(CN)CN,-1.7
734,CCCC(C)S,2.2
735,CCC(CN)O,-0.4
736,C1=POP=C1,-1.6
737,CCSSCS,1.7
738,CCCP(C)CCC,1.7
739,CCCNCCS,1.0
740,COP(C)F,0.5
741,[2H]C(C([2H])C([2H])C([2H])([2H])N([2H])[2H])C([2H])C([2H])([2H])N([2H])[2H],-0.2
742,C(CCI)CBr,3.0
743,[2H]CC(I)I,2.5
744,CCCP(O)O,-0.2
745,[H][C@]([2H])(CNP)OPP,-0.7
746,COC=CBr,1.2
747,C[I-]F,1.9
748,C(F)(SI)I,3.0
749,C(=O)C(Cl)Br,1.2
750,CCCC[C@@H](C)F,2.8
751,[13CH2]1[13CH2]O[13CH2][13CH2]N1,-0.9
752,C([C@@H](CCl)O)F,0.5
753,[2H]P=S(C)C,0.9
754,CSCSSCSS,2.5
755,CC=NBr,1.0
756,C(COCF)O,-0.2
757,CSOOCO,0.0
758,CCSN(C)C,1.1
759,C(CNI)CS,0.8
760,C(CNC=S)N,-0.8
761,CCOOOS,1.0
762,C(S)S(=O)[O-],-0.8
763,[13CH2]([13CH2][13CH2]Br)[13CH2]Br,2.5
764,CC/C=C/CS,1.8
765,[2H]/C(=C(\[2H])/Br)/Br,1.9
766,CC([13CH3])I,2.3
767,C(CN=O)CI,1.0
768,CSPI,1.2
769,[3H]C(Cl)(Cl)Cl,2.3
770,CP(C)OI,0.8
771,CCOCO[CH2],0.4
772,CCOP(F)Br,1.8
773,CC[C@@H](CNC)F,1.1
774,C1=C[C-](C=C1)Br,2.2
775,CNCNCCO,-1.2
776,COOCC(F)F,1.0
777,CC[CH]CCN,1.5
778,C[C@H](C(F)F)O,0.8
779,CCC[C@@H](C)CN,1.5
780,[CH]OCCCl,0.7
781,CC(CF)CF,1.7
782,C#[N+]Br,1.1
783,CSC(F)F,1.8
784,CCN(C)CSC,1.4
785,CCP(CC)CN,-0.2
786,C1[C@H](S1)CI,1.8
787,C1NPCS1,0.3
788,CCSPCCN,-0.2
789,CCCOC(C)F,1.8
790,C(=CI)Br,2.1
791,[2H]C([2H])(C)CCCCl,2.6
792,[3H]P[PH+]=C,0.4
793,C[C@H]([C@@H](C)O)N,-0.5
794,CC[C@H](C)Br,2.3
795,CS[CH]SC,1.6
796,[2H]C([2H])(C([2H])([2H])SC([2H])([2H])C([2H])([2H])O)O,-0.6
797,C1CCSSCC1,1.8
798,CC(O)OCCl,0.6
799,CC(C)OPP,0.6
800,CCC(CCS)S,2.1
801,CCCPCCP,0.5
802,CC(CBr)OO,0.8
803,CC(ON)Cl,0.5
804,CCOPPC,0.2
805,C(COO)C=O,-1.0
806,CC[S+](C)C,1.3
807,CC1CCC1C,2.7
808,[CH]CCNCCN,-0.3
809,C(CBr)PO,0.2
810,C(CI)C(O)I,1.8
811,C(C[C]=O)CCl,0.6
812,[C](=O)C(Cl)Cl,1.1
813,CN(C)PN(C)C,0.4
814,C1OOOOO1,0.1
815,C[C@H](C[C@H](C)S)S,2.0
816,C(COO)CO[O],-0.7
817,CCNN(CC)N,0.0
818,CCC(C)C[NH],1.0
819,CCCN(N)N,-0.3
820,C(CC(Cl)Cl)CF,2.6
821,[2H]C([2H])([2H])CCCBr,2.8
822,C(C(O)P)S,-0.3
823,CCSCCN,0.3
824,CCCC[N]CCCC,2.8
825,CSCCC(O)O,0.0
826,COCOOO,-0.4
827,C(C(N)I)S,0.4
828,CC(C)C[CH-]OC,1.8
829,CC(C)CC[NH3+],1.0
830,CI(C)I=C,3.6
831,C[C@@H](N)OCO,-0.9
832,CC(CO)CBr,1.1
833,C=NCCCN,0.8
834,CC[I-]P(C)I,2.6
835,CCCCCCOC,2.4
836,CCOOF,1.0
837,C[C@@H]([C@@H](C)Br)N,0.9
838,C(C(S)S)C(S)S,2.1
839,C(C(O)F)Cl,0.6
840,CCC(C)NPC,1.0
841,CCC[C@@H](C)CCl,3.0
842,C1COS[CH]1,0.6
843,CCOCC[OH2+],-0.3
844,CN(C=O)S,0.2
845,C=CSCCN,0.4
846,C(CCF)CF,1.6
847,CCOCC(N)N,-1.3
848,CCOC(C)Cl,1.6
849,CCOC(C)P,0.7
850,C(S)[I-]N,0.5
851,CC(CN)NO,-1.2
852,C[C@@H](CCCBr)Br,2.9
853,COCCNCO,-0.9
854,[2H]C([2H])([2H])C([2H])(C([2H])([2H])[2H])Br,1.8
855,CCCN(C)[CH],1.2
856,COCC([CH])COC,0.7
857,CCSC(C)O,1.1
858,C[C@@H](CF)CCl,2.0
859,C[C@H](N(C)C)S,1.1
860,C(C(S)S)I,2.1
861,CCCCCCCP,3.3
862,CCCCCNCBr,2.4
863,COCCCCO,0.1
864,CCSSSCC,2.1
865,C(CSCCN)N,-1.0
866,COS(=O)[O-],-0.7
867,CCC=NS,1.0
868,C(C(F)(F)F)P,1.0
869,CCCCC=[14CH2],3.4
870,[3H]C1=CC=CC=C1,2.1
871,C(C(CP)P)O,-1.0
872,COP=NP,0.4
873,[2H]C(C)Br,1.4
874,C(CP)C(O)O,-0.9
875,CCCI,2.6
876,C([14CH2]O)Br,0.2
877,CCSSC(Cl)Cl,2.7
878,CC(C(F)F)O,0.8
879,C(Br)Br,1.8
880,CC(C[SH2+])P,0.6
881,C(C(O)Cl)(O)Cl,0.4
882,CC(F)SS,1.8
883,C([NH2+]CF)F,0.7
884,CC(COP)F,0.7
885,CCCN(C)OC,1.2
886,CCCCO[O-],0.8
887,CC(N(Cl)Cl)Cl,2.0
888,CCC[C@@H](N)S,1.0
889,CCCP(Cl)Cl,2.4
890,CCCCN(O)O,0.5
891,CCOC=S,1.1
892,C[C@@H](C(O)O)N,-1.5
893,[3H]CCCN(C)C,1.2
894,C1P2P1C2,-0.4
895,CCOPCl,1.1
896,CC(NO)OC,-0.3
897,C[I-]C#[11CH],1.8
898,C(N)(N)(N)I,-1.8
899,C(C(F)F)F,1.4
900,CCSSNPP,0.8
901,[C-](Cl)(Cl)Cl,2.3
902,CCP(OC)Cl,1.1
903,CCOCOCN,-0.4
904,CON=CCl,1.4
905,CCNCN=O,-0.4
906,CC1C([Cl+]1)C,1.5
907,CCN(CC)PF,1.4
908,CCOC(C)C[NH3+],-0.1
909,C(C[18F])CI,2.0
910,[2H]C(C(F)(F)F)[O-],1.8
911,C1=C[15N](C=C1)[15NH2],1.0
912,C1S[CH]S1,1.5
913,CCN(CC)PCl,1.7
914,C1CNSSC1,0.8
915,CNOCN=O,-0.7
916,CC(COC)CF,1.2
917,[2H]C[CH-]SSC=O,1.1
918,C[NH+](C)CCO,-0.4
919,[2H]C([2H])([2H])C([2H])([2H])C([2H])([2H])C([2H])([2H])NC([2H])([2H])C([2H])([2H])C([2H])([2H])C([2H])([2H])[2H],2.8
920,CCSCCNC,0.8
921,CC(F)SCl,2.1
922,C(C(F)F)[NH3+],0.1
923,C(C(CBr)Cl)Cl,2.2
924,C(O)OOCCl,0.2
925,CCOOC(C)C,1.3
926,CC(NCl)Cl,1.2
927,[2H]C([2H])C(Cl)Cl,1.9
928,CNCCCCCCl,1.5
929,[2H]C([2H])([2H])CCSCC,2.1
930,CCCCC(C)C[CH2],4.3
931,CC=CSO,0.7
932,[2H]C([2H])([2H])[13C](C([2H])([2H])[2H])(C([2H])([2H])[2H])O,0.5
933,C(C(S)Br)N,0.5
934,CC(C)SNC,1.0
935,CCC(CF)P,1.2
936,C(=S)([S-])Cl,2.0
937,C[13CH2]OCC=C,1.1
938,C(CBr)C=N,0.5
939,CCN(CO)O,-0.4
940,C1=C[13CH]=[13CH]C=C1,2.1
941,CC[C@H](CO)CBr,1.5
942,C(CO)CSCl,0.9
943,C(CP=S)CI,2.4
944,COCSC,0.8
945,C(O)SPP,-0.4
946,C[I-]NN,-0.1
947,CSCCOCF,1.2
948,CC(CO)OCO,-0.8
949,CCNNCO,-0.7
950,CC[C@@H](C)CS,2.2
951,C(NCS)S,0.6
952,CNON(C)O,-0.4
953,CCPSC=C,1.2
954,[2H]N([2H])CC(N([2H])[2H])O,-2.2
955,C(CCN)CCS,0.6
956,CCPNPC,-0.1
957,C1=NP=CO1,-0.1
958,CI(C)CC=C,3.4
959,COCCCS,0.7
960,CCCC(C)[CH-]CC,4.3
961,CN(C)CCC[NH-],-0.3
962,C1[CH]CSN1,0.4
963,CCNNCCO,-0.8
964,[2H]C([2H])([2H])N(CC([2H])([2H])CN)C([2H])([2H])[2H],-0.3
965,CC(NC)SC,1.0
966,[2H]C([2H])(CN)CN(C)C,-0.3
967,CCCC(C)OF,2.3
968,C(C[13CH2]Br)[13CH2]Br,2.5
969,C[C@H]([C@H](C)Br)F,2.2
970,C(CF)OCOF,0.9
971,[CH-]1P[CH]P1,-0.4
972,C(=O)([NH3+])Cl,0.2
973,C([O-])(F)(F)F,1.9
974,CC(S)(S)S,1.5
975,C(CCCBr)CCO,1.7
976,CCCCC[CH]CCC,4.5
977,CC(=C)SC,1.7
978,C(C(N)Cl)N,-0.9
979,[2H]C([2H])([2H])C([2H])(C([2H])([2H])[2H])Cl,1.6
980,C(CBr)NN,-0.2
981,[2H]P([2H])C(C)I,1.1
982,CP(=S)C,1.1
983,C(NCS)N=N,0.9
984,C(=C\Cl)\Cl,1.9
985,CCSPOC,0.8
986,CN(C)CCNN,-0.9
987,C(CS)OCCl,1.1
988,CC[C@H](C)NP,1.0
989,CC(C(O)I)O,0.1
990,[2H]C([2H])([2H])C([2H])([2H])C([2H])(CO)C([2H])([2H])[2H],1.2
991,[2H]CSCC=C,1.5
992,CN(CN)CI,0.2
993,C(=C/[35Cl])\F,1.2
994,C=NSCS,2.3
995,CNCCCCBr,1.3
996,COOCCN,-0.8
997,CCOC[C@@H](C)Br,1.6
998,C[C@@H](CCO)SC,1.0
999,CN(CCl)Cl,1.3
1000,CC(C)O[13CH](C)C,1.5
1001,CCCCOCC,2.0
1002,C1=NC=PC=P1,-2.0
1003,CC(C(O)Br)O,0.2
1004,C(/C=C/Br)Cl,1.8
1005,CCC(CBr)NC,1.5
1006,COSCO,-0.1
1007,C([N+](=O)[O-])I,0.8
1008,C(C(F)(F)F)[S],1.6
1009,CC1CCS1,1.4
1010,CC[C@H](CC[CH2-])O,1.7
1011,CC(O[O])Cl,0.7
1012,CCN/C=C\C,1.4
1013,CCOCOCCl,1.2
1014,C(=O)([O-])OCl,1.6
1015,C(P)(P)I,0.5
1016,COPP(C)C,-0.1
1017,CCNC(C)N,-0.3
1018,CSSCl,1.7
1019,C[CH-]CCCC[CH-]C,3.9
1020,C(C[I-]S)N,0.9
1021,C([C@@H](CO)F)N,-1.0
1022,C(OOOCF)F,1.1
1023,CCCCSCl,2.5
1024,CCNON(C)C,0.4
1025,C1OCPCO1,-0.3
1026,CNP(NC)NC,-0.8
1027,[2H]C([C@@H](CO)O)O,-1.8
1028,CCOCCCO,0.1
1029,CC(=N)Br,0.9
1030,CCC(C)C[CH]C,3.7
1031,CCNNOP,-0.2
1032,CCC[C-](CC)CC,4.3
1033,[CH2]C(CCN)N,-0.9
1034,C(/C=C\I)O,0.7
1035,[2H]C([2H])([2H])C([2H])([2H])C(CC)O,1.2
1036,C=C[C@@H](O)S,0.6
1037,C(=N)(F)Cl,1.4
1038,[13CH3]CI,2.1
1039,CI(C)S,2.3
1040,CCSCN(C)C,1.4
1041,C/C=C\CNC,0.7
1042,CC(C)COOC,1.5
1043,CC(CCCI)Br,3.4
1044,CC(CS)F,1.3
1045,C[C@@H](NNC)I,0.7
1046,CC(N)NNO,-1.3
1047,C[C@H](CCCS)O,1.0
1048,C([C@H](CO)N)N,-2.3
1049,[2H]P([2H])CI,0.7
1050,CCCCC=[CH+],3.4
1051,CNC=CNC,0.5
1052,CSCNCN,-0.3
1053,[2H]C(=N[3H])I,0.7
1054,COCCCNO,-0.5
1055,C[C@@H](C(C)N)N,-0.8
1056,C(CC=O)CO,-0.7
1057,C(OO)P,-0.6
1058,[2H]C1(C(C(N(C(C1([2H])[2H])([2H])[2H])[2H])([2H])[2H])([2H])[2H])[2H],0.8
1059,C(N(CO)Cl)O,-0.6
1060,CCN[C@@H](C)CO,-0.1
1061,[CH2+]CCCC[S-],2.3
1062,[2H]C(=C([2H])C([2H])([2H])C([2H])([2H])C([2H])([2H])C([2H])([2H])[2H])[2H],3.4
1063,CCSP=S,1.9
1064,CCNNCCN,-1.0
1065,C(N)PCN,-1.8
1066,CC[C@@H](C)[N-]C,1.1
1067,CN(C)COC,0.2
1068,CCONC=O,0.0
1069,C[C@@H](COC)Cl,1.1
1070,CS[C+](Cl)Cl,2.3
1071,[CH]NC1CCC1,0.7
1072,CCSCC=O,0.8
1073,[14CH2](C([14CH2]O)O)O,-1.8
1074,CCCCSPI,2.5
1075,C1=C[PH+]=C[PH+]=C1,-2.1
1076,C1CSCC[CH-]1,1.7
1077,CC(C(S)S)S,1.7
1078,CCN[13CH2][13CH2]O,-0.5
1079,C(C(CCl)O)[18F],0.5
1080,CONCON,-1.0
1081,CCCCSSSS,3.1
1082,CNC(NC)NC,-0.8
1083,COC(C[NH3+])OC,-0.8
1084,CSCCCSSC,1.9
1085,[3H]CSCCOCCl,1.4
1086,CN(C)ON(C)C,0.5
1087,COCCCSI,1.9
1088,CP(CCl)CCl,1.3
1089,CSSO,0.4
1090,CC(C=C)I,2.4
1091,C(N)N(O)I,-0.7
1092,CS[S+](SC)SC,2.2
1093,C(C(CBr)I)Cl,2.6
1094,[2H]C(C)CCCCCCCC,5.0
1095,C(COI)O,0.2
1096,COCC(N)P,-1.0
1097,C(C[O-])CI,2.1
1098,[2H]C([2H])(C([2H])([2H])N(C)C)C([2H])([2H])O,-0.1
1099,CCC(F)I,2.3
1100,C(C(C[O-])O)O,-0.6
1101,C(/C=N\O)I,0.7
1102,[3H][P+]([3H])([3H])COC,-0.1
1103,C1CC(C1)CP,1.2
1104,CP(C)(C)(C)C,0.0
1105,CC[NH+]1CCC1,0.8
1106,CCCON=C,2.7
1107,CO[C](CN)O,-1.4
1108,C(CCBr)CBr,2.5
1109,[2H]C([2H])([2H])C([2H])([2H])NC([2H])([2H])C([2H])([2H])[2H],0.6
1110,C([13CH](CO)O)O,-1.8
1111,CC(C)CSSC,2.2
1112,CCC(CC)NO,1.2
1113,C[C@@H]([C@H](C)Br)Cl,2.4
1114,C(CPCl)N,-0.2
1115,CCC(C)NSC,1.6
1116,CSCCCOF,1.6
1117,C(P(CCl)Cl)Cl,2.1
1118,C(CI)S,1.6
1119,CN(C)CCCS,0.9
1120,CCO[C@H](C)CN,-0.1
1121,C(=P)P=S,0.1
1122,CNCCCNC,-0.3
1123,C(CCO)CN,-1.1
1124,CCCCCCCI,4.7
1125,CCOCCNC,0.0
1126,C[C@H](CCO)CF,1.0
1127,[2H]C([2H])(CCN)N(C)C,-0.3
1128,[2H]C([2H])([2H])C([2H])(C([2H])([2H])O[2H])O[2H],-0.9
1129,C(NCCl)Cl,1.2
1130,[2H]C1=CC=CS1,1.8
1131,C1CONCO1,-0.4
1132,C([C@@H](CO)N)N,-2.3
1133,CONNC=O,-0.6
1134,[2H]C(CCl)Cl,1.5
1135,CCN(C)CC[CH2],1.5
1136,CCOOSC,0.9
1137,C[C@@H](C=C)Cl,1.9
1138,C[P+](=O)Cl,0.2
1139,[2H]C([2H])(CBr)C([2H])([2H])C(C)Br,2.9
1140,CCCC(C)CF,2.8
1141,CCCCCCN[O-],1.6
1142,C(CCl)N[O-],-0.2
1143,C(OCl)I,1.6
1144,[2H]C(CCC)C=O,1.1
1145,[2H]C1=CC(=CN=C1[2H])[2H],0.7
1146,CC(CS)Cl,1.5
1147,CCO/C=C\C,1.4
1148,CNCCC=O,-0.8
1149,C=IOOOO,1.4
1150,[3H]P(C)I,0.8
1151,[2H]C(C)CBr,2.1
1152,C[P+](Br)(Br)Br,2.8
1153,[2H]C([2H])([2H])C([2H])([2H])C([2H])([2H])CCCCC,3.9
1154,C(CBr)NCO,0.0
1155,C[C@H](S)SS,1.8
1156,C(C(CCl)O)Cl,0.8
1157,C[C@H](CC(C)Br)Br,3.0
1158,CC[C@H](C)CCI,3.9
1159,C1=CP=NN=P1,-0.9
1160,C=CCCC[NH],0.7
1161,C(=C/SS)\S,1.2
1162,CN(CI)CI,1.8
1163,CCCONNC,0.5
1164,C(COCS)O,-0.2
1165,C1CCN[NH2+]C1,0.0
1166,C1COPC1,0.1
1167,CCCC([CH2])[NH3+],1.0
1168,C(CP[S-])P[S-],0.6
1169,C(CS[35S]CCN)N,-1.0
1170,CCCCNNCC,1.2
1171,CCCNCC[NH],-0.3
1172,C(CCCBr)CCP,2.1
1173,CC(C)CCCP,1.9
1174,C(C(CS)S)O,0.2
1175,C=CCCCl,1.9
1176,CCP(S)S,1.3
1177,CCOCl,1.2
1178,[C](F)(F)I,1.8
1179,CCCCC([CH2])CC,4.3
1180,CCC(C)ONC,1.2
1181,C(O)(O)P,-1.2
1182,CCCCCON,1.1
1183,CNCCI,0.9
1184,CCNOCC,0.6
1185,C1=C[N+]=CC=N1,-0.2
1186,CCSOOO,0.4
1187,CCOCC=O,0.0
1188,C1CC(C1)CI,3.2
1189,C(O)OCSCS,0.6
1190,CC(CCF)CBr,2.5
1191,CN=COBr,1.3
1192,CC[C@@H](CCl)Br,2.5
1193,C(C(CCl)CCl)N,0.7
1194,[CH2+]CCC[S-],2.3
1195,C(F)(F)(S)I,2.0
1196,C(NS)N=S,1.4
1197,CC[CH]SS,1.8
1198,C(CSN)CI,1.2
1199,CC(=S)Cl,1.4
1200,C(O[O])Br,0.4
1201,C(CN)CCl,0.2
1202,[3H]OC(F)I,0.8
1203,CNCCCBr,0.9
1204,CCCO[C@@H](C)O,0.8
1205,CS/C=C/C[CH],2.0
1206,C(N)NNCON,-2.1
1207,CCC(C)SC,2.2
1208,C[C@@H](CNC)CO,-0.1
1209,[2H]C([2H])([2H])C([2H])([2H])C([2H])(C([2H])([2H])[2H])Br,2.3
1210,C(C(CO)Br)N,-0.6
1211,[2H]CC([2H])C(C)(C)C,3.0
1212,CP(CCl)O,0.1
1213,CN(C)CCl,1.0
1214,CN(C)CNO,-0.6
1215,C[C-](I)I,2.5
1216,CC(=[NH2+])Br,0.9
1217,[2H][13C]1=[13C]([13C](=[13C]([13C](=[13C]1[2H])[2H])[2H])[2H])[2H],2.1
1218,CC(C)S[CH2-],1.7
1219,[CH+](Br)Br,1.8
1220,CCCCCC(C)[CH2-],4.3
1221,[2H]C1COCCN1,-0.9
1222,[2H]C([2H])(CF)Cl,1.2
1223,CC[SH+]CC,1.9
1224,C1CS[CH]N1,0.3
1225,CCCI(Cl)Cl,3.8
1226,CSSSSCO,1.2
1227,C[CH]OC(C)O,0.3
1228,C(C[14CH2]N)C[14CH2]N,-0.6
1229,CC[C@H](C)CCl,2.5
1230,CC(C(C)[O-])N,0.6
1231,[2H]C(C=O)Br,0.5
1232,CCOSCl,1.7
1233,[2H]C([2H])([2H])SCC(C)C,2.2
1234,C/C=N\SC,0.4
1235,[C-](F)(F)Br,1.9
1236,C(OOOO)I,0.4
1237,[2H]C1C(C(C(C(N1)[2H])([2H])[2H])([2H])[2H])([2H])[2H],0.8
1238,C[C@H](N(C)C)O,0.1
1239,CCNC(Cl)Cl,1.6
1240,C[C@@H]([C@H](C)O)N,-0.5
1241,[2H]C1=CC=NN=C1,-0.7
1242,C(C(Cl)Cl)(N)Cl,1.4
1243,CCSSCCCl,1.9
1244,CC(COC)SC,1.2
1245,C[I-]CCS,2.3
1246,[2H]C([2H])([2H])C(C([2H])([2H])[2H])Br,1.8
1247,CCPOC,0.3
1248,C[C@H](C=C)I,2.4
1249,CNCC(N)S,-0.7
1250,C[S+](C)S,1.4
1251,C(C=PS)N,-1.4
1252,C(OOO)OOOO,-0.8
1253,C[C@@H]([C@@H](C)Cl)N,0.7
1254,C(CCl)C(F)Br,2.4
1255,CCCC[C@H](C)I,3.9
1256,CCCC(CBr)Cl,2.9
1257,CCC(CS)F,1.8
1258,[2H]C([13C@@H](CO)O)O,-1.8
1259,CCN=NCC,1.0
1260,C(N)N(CN)CO,-2.0
1261,CCSN=O,0.5
1262,C(CS)NO,-0.4
1263,C(C[NH3+])C(O)O,-1.6
1264,CCC(N)OF,0.7
1265,CCSP,0.7
1266,C(NC=O)Cl,0.2
1267,CC(C(F)Br)Br,2.7
1268,[2H]C([2H])([2H])C([2H])(C([2H])([2H])O)O,-0.9
1269,[3H]OC(C)CCO,-0.4
1270,CC(CNN)N,-1.5
1271,CCNC(C)S,0.9
1272,CN(C)C(O)Cl,0.4
1273,COC(O)Cl,0.2
1274,C(=C/S)\P,0.2
1275,CCN[PH2]=O,-0.5
1276,C=CNI,1.0
1277,C(N)P(O)O,-1.9
1278,[2H]C([2H])(C([2H])([2H])Br)Br,2.0
1279,[CH2]CCCCO,1.6
1280,[C](Br)(Br)I,2.7
1281,CP=PC,-0.4
1282,C(SBr)Cl,2.1
1283,CSC(O)S,0.7
1284,CCNCCCCS,1.2
1285,CCCC(CCC)S,3.1
1286,CC(C)C[NH2+][CH2-],1.1
1287,[2H]C([2H])([2H])C([2H])(C([2H])([2H])[2H])C([2H])([2H])C([2H])([2H])N,1.0
1288,CCSPSCC,1.5
1289,CCCC(C)(C)C,3.6
1290,CSSSC,1.3
1291,CC(O)(O)S,-0.4
1292,C/C=C/SCl,2.0
1293,CC(C)SCCN,0.7
1294,CNN(C)NN,-1.0
1295,[3H]N(C)C(C)(C)C,0.8
1296,CNN(C)CCN,-0.9
1297,CC[Cl+]CCl,1.9
1298,[2H]P(=O)([O-])OC,-1.2
1299,CCCOCNCC,1.0
1300,CS[S+](SC)Cl,2.6
1301,CNCOOC,-0.2
1302,C(C1OO1)Cl,0.7
1303,C1=C[C-](C=C1)P,1.1
1304,CCCNSS,1.6
1305,CC[C@@H](CCI)I,4.1
1306,CC[C+](C)C(C)C,3.4
1307,C(CCN)CCP,0.0
1308,CCOCCNS,0.5
1309,CC(C(F)Cl)Cl,2.3
1310,C(O)P[I-]CS,0.6
1311,CC[I-]N[I-]C,3.0
1312,CCCCSSCl,2.9
1313,C(CCl)NCl,0.7
1314,CN=CI,0.8
1315,COC([CH2])CCF,1.2
1316,C=CCCCN,0.7
1317,C=CCNP,0.3
1318,[2H]C([2H])(CCOC)O,-0.2
1319,CCCCCC[NH-],2.1
1320,COP(CCl)OC,0.7
1321,C(CN)C(Br)Br,1.3
1322,C[C@@H](C(O)O)O,-1.9
1323,CCCCC(N)N,0.3
1324,CCCOCCC[CH2],2.9
1325,C1=CS[C+]=C1,1.8
1326,C(C[I-]I)O,1.5
1327,C(CPCl)PCl,1.2
1328,[2H]C(CCl)(CBr)Br,2.4
1329,C(C=N)SCO,-0.1
1330,CCC(NN)NN,-1.1
1331,CC(C(C)O)O,-0.9
1332,[2H]COP(C)OC,0.0
1333,CCN(F)F,0.8
1334,CC(NC)NN,-0.8
1335,[3H]CCC1CSC1,1.8
1336,CC(P)PCF,0.6
1337,[2H]OC[C@H](C)CC,1.2
1338,CC(C)OCCS,1.2
1339,C(CN(O)O)N,-1.7
1340,[2H]C([2H])([2H])C([2H])(C([2H])([2H])[2H])C([2H])([2H])O,0.8
1341,C1=CN=NC=N1,-0.8
1342,COP(OBr)OBr,2.0
1343,C#C[131I],1.2
1344,C(N)(N=O)I,-0.5
1345,C1=CPP1,-0.4
1346,CCC(C)OCCl,2.1
1347,C(=S)NC=S,0.5
1348,CCCCSCCBr,2.9
1349,CPOCCCS,0.6
1350,C(CO)COO,-0.7
1351,C[C@H](CN)CNC,-0.3
1352,CONNNNN,-1.6
1353,COPPOC,-0.1
1354,C[C@@H](C(N)O)O,-1.5
1355,[3H]SOCCCC,1.8
1356,C([C@H](CBr)O)O,-0.3
1357,COSCC=O,0.0
1358,C[C@@H]([C@H](C)O)O,-0.9
1359,CCNCCCN,-0.4
1360,CN(C)P(C)Br,1.1
1361,CC(OCCl)Br,2.1
1362,C(CS)ONN,-0.6
1363,CC=CCCBr,2.3
1364,C(N)P(CN)CS,-1.4
1365,[3H]C(CCCCC)O,2.0
1366,CSOCC=C,1.2
1367,C(CCl)PCCCl,1.1
1368,C(O)P(O)OO,-1.6
1369,C(F)(F)(Br)Br,2.6
1370,C(CI)C(Cl)I,3.1
1371,CCCN(C)I,1.6
1372,CSCOCO,0.2
1373,C[S+](C)OO,0.4
1374,C(CBr)C(Cl)Cl,2.7
1375,CCC[C@H](O)Br,1.7
1376,CCCCCCCN,2.6
1377,C[CH]CCOC,1.7
1378,CCNSCSN,0.2
1379,[C@@H](Cl)(Br)I,2.5
1380,CCCP(CC)Cl,2.0
1381,CC[C@H](CCCl)P,1.8
1382,CN(C)CCN[NH3+],-0.9
1383,C[PH+](S)[S-],0.9
1384,C1CCO[CH]OC1,0.4
1385,[2H]C([2H])(CCC([2H])(C)Br)Br,2.9
1386,C(=O)(N)Br,0.3
1387,[2H]C([2H])([2H])S(=O)([2H])([2H])C,0.3
1388,C(CS)NON,-0.6
1389,C(NON)[I-]S,0.3
1390,C(CSO)N,-1.0
1391,CCCCOSC,1.8
1392,COSI(C)C,2.3
1393,C=CCCCO,1.0
1394,C([C@H](CCl)F)O,0.5
1395,COSCF,1.0
1396,CCCOC(C)[CH2],1.8
1397,CC(C)OCN,0.0
1398,CC=CCCl,1.7
1399,COP[I-]N,0.1
1400,C1CCPC1,0.4
1401,CSC(CN)O,-0.6
1402,C[C@@H](CO)CCl,0.9
1403,CN=NSC,0.9
1404,C(NF)OCF,0.2
1405,CCCCOCN,0.8
1406,CCOC(C)CO,0.2
1407,C[C@H](CO)NS,0.0
1408,C/C=C\CCS,1.9
1409,C[C@H](CCO)[NH3+],-0.6
1410,C(CON)NCl,-0.8
1411,[CH2-]C[CH]CCC[CH2+],4.4
1412,[3H]C(C)(C)C(C)C,3.4
1413,CCSCSSCC,2.4
1414,[CH+]=C(Cl)Cl,2.3
1415,CCCN(CC)Cl,1.9
1416,[C](F)(F)Br,1.9
1417,CC(CN)NP,-0.8
1418,C(CC(Cl)Cl)CO,1.6
1419,C(=N\OBr)\Br,2.4
1420,[2H]C(CCC)C([2H])([2H])Br,3.4
1421,CCCC(Cl)I,2.9
1422,CCCC(O)O,0.4
1423,C(O)OCOO,-1.0
1424,CCOCOCl,1.2
1425,C(O)OOCON,-1.3
1426,C(C(NO)O)Cl,-0.6
1427,CCCCCOCS,2.3
1428,C(CP)F,0.2
1429,[CH2+]CI,2.1
1430,CSSSSS,2.3
1431,CCOSP,0.8
1432,C(CO)C=S,-0.4
1433,C(OPO)OPO,-1.2
1434,CCOCCCCCl,2.1
1435,C(F)S(=O)[O-],-0.7
1436,CP(C)CCCN,-0.6
1437,C(C[OH+]CO)O,-1.2
1438,CCC(C)CNBr,1.9
1439,CC[C@H](C)SC,2.2
1440,CC[C@H](CCN)N,-0.3
1441,C(CBr)OI,1.7
1442,CC(C)(C)PF,1.4
1443,[2H]C([2H])(C)SOC,0.9
1444,CCN(C)Cl,1.0
1445,[C-]#CI,1.2
1446,C(CC(F)F)CI,3.1
1447,C1CSCCS1,1.3
1448,CCCN(CN)N,-0.4
1449,CC(C(O)O)N,-1.5
1450,CC=CCP,0.8
1451,CCSSC=C,1.8
1452,C([C@@H](O)I)O,-0.3
1453,[2H]C1CCC(C1)C,3.4
1454,[2H]C(=S(C([2H])([2H])[2H])O)[2H],1.8
1455,C1[C@H](O1)C[SH2+],0.2
1456,C(C(CO)N)N,-2.3
1457,CC(C)(C)NBr,1.2
1458,CP[I-]CO,0.2
1459,CCNI(N)N,-0.9
1460,CCCC[CH-]C,3.9
1461,[2H]CCCCCCN,2.1
1462,CCC(C)SCCl,2.9
1463,CC(CI)I,3.1
1464,CN(C)PP,0.0
1465,CCOONOO,-0.2
1466,C(=S)SS,1.3
1467,[2H]C([2H])([2H])SC([2H])([2H])Cl,1.6
1468,CCPC(C)P,0.5
1469,CC(C)CNO,0.6
1470,CCOCC(C)F,1.2
1471,CC(OO)Cl,0.7
1472,CCCCC[C+](C)C,4.3
1473,C[CH+]CCC[CH+]C[CH+]C,4.5
1474,CSCSSCSC,2.4
1475,C1=NN=CN=[NH+]1,-0.7
1476,C1CCO[14CH2]C1,0.9
1477,CN(C)OCN,-0.5
1478,C[C@H](C[C@@H](C)P)P,0.8
1479,[2H]C([2H])(C)CCCBr,3.4
1480,C1SCSCS1,2.2
1481,[3H]C(CO)N(C)C,-0.4
1482,C(OCS)F,0.9
1483,CC(OF)OF,1.5
1484,CCCOC[CH]C,2.0
1485,CCCC(C)CCC,4.3
1486,CCN[C@H](C)CI,1.7
1487,CCCPSF,1.8
1488,CCN(C)Br,1.1
1489,C(CO)[NH2+]CCO,-1.4
1490,CC(NO)Br,0.6
1491,CCN[C@@H](C)P,0.3
1492,CC[C@@H](CCl)N,0.8
1493,CCNCI,0.9
1494,CNNNNNNN,-2.1
1495,C1=NPP1,-0.4
1496,CC[P@](C)S,0.8
1497,C=C([35Cl])[35Cl],2.3
1498,[CH2-]C[C+]1CCC1,3.0
1499,CCNC(C)CBr,1.4
1500,CCC/C=C/[CH2],2.6
1501,CCCNPOC,0.6
1502,CCCONCC,1.1
1503,CC(CCCl)N,0.7
1504,C(CN)CBr,0.4
1505,CCSPCCl,1.4
1506,CC[C@@H](C)CF,2.3
1507,CCC(N)NCC,0.3
1508,CCCCC(C)I,3.9
1509,C(O)SO,-0.6
1510,CCC(CF)O,0.8
1511,C([OH2+])(O)(O)O,-2.3
1512,C(F)SCl,1.7
1513,CC(CO)NCl,-0.2
1514,CCCNP=O,0.6
1515,CCCOSCCC,2.3
1516,CC(NON)Cl,0.2
1517,C([C@@H](CI)N)O,-0.2
1518,CCNC(C)CCl,1.2
1519,C(N)OCOCN,-1.7
1520,C(CCl)CBr,1.9
1521,CCC(CF)Cl,2.1
1522,[3H]CCOCCOC,0.3
1523,CNN(C)SC,0.5
1524,C(O)OCOCO,-1.1
1525,[CH2+]C([O-])(F)F,1.8
1526,[2H]C([2H])(C)C([2H])([2H])OCCOC,0.8
1527,C[C@H](CO)COC,0.2
1528,CCC(C)CNO,1.0
1529,[CH]=CCCCI,3.2
1530,CCS(C)(C)C,1.3
1531,C[C@@H]([C@H](C)F)F,1.8
1532,C(O)SOO,-0.6
1533,CCN(CC)CC[CH],2.2
1534,CC(CNC[CH])O,-0.1
1535,CC[C@H](C)SSC,2.2
1536,CC(CCCO)O,0.0
1537,C[C@H](CN)Br,0.5
1538,CCNCC(C)F,0.9
1539,C[C@H](C[C@@H](C)N)N,-0.4
1540,C(OO)(F)F,0.5
1541,[2H]C([2H])([2H])OC([2H])([2H])C([2H])([2H])O,-0.8
1542,[2H]C([2H])([2H])/C=C/CBr,1.9
1543,CCCNCCI,1.9
1544,[2H]C([2H])([2H])C(C([2H])([2H])[2H])(C([2H])([2H])[2H])O[2H],0.5
1545,[2H]I([3H])PC,0.8
1546,C(CO)[NH2+][S-],-0.4
1547,[2H]C([2H])(C([2H])([2H])C([2H])([2H])C([2H])([2H])N)C([2H])([2H])C([2H])([2H])N,-0.2
1548,CCC(CN)CO,-0.2
1549,CN(N)I,-0.1
1550,C=CCCP,1.0
1551,C[13CH](C)[C+](C)C,3.4
1552,CC[C@@H](C)NCC,1.4
1553,C(C(CCl)S)Cl,1.8
1554,CCO[S+]=O,1.3
1555,C(N)N(CS)CS,0.2
1556,CC(C)[C](C)C,3.4
1557,CSSCCCO,0.6
1558,C(CC[NH3+])C[NH3+],-0.9
1559,CCCCSSO,1.7
1560,CC(C)CP(C)C,1.3
1561,CSSN=O,0.6
1562,[3H]CC(C[3H])(CC)CC,3.6
1563,C[NH+](C)PCl,0.9
1564,CCCOC(O)O,-0.1
1565,C(CON)C=O,-1.2
1566,CCCC(CC)Br,3.2
1567,[2H]C1(CCC(C(C1([2H])[2H])([2H])[2H])([2H])[2H])[2H],3.4
1568,CC[C@H](CS)N,0.5
1569,[2H]C(C)CCC([2H])C,3.9
1570,CCCCCNOC,1.6
1571,C(C(CCl)O)F,0.5
1572,CCCNBr,1.1
1573,[2H]C([2H])(CC)C([2H])([2H])CCCO,2.7
1574,C(CNO)C=S,-0.7
1575,CC[C+](C)Cl,2.3
1576,CC(CF)Br,1.8
1577,C(C(OO)Cl)Cl,0.9
1578,C=CCI,2.1
1579,C([C@@H](CS)O)N,-1.0
1580,C[PH2+]CCCl,0.5
1581,C(OCl)(OCl)OCl,2.4
1582,C1CS[13CH2]N1,0.3
1583,CCCOCCCN,0.4
1584,[14CH2]([14CH]([14CH2]O)O)O,-1.8
1585,C(CO)[C@H](O)Cl,0.0
1586,C[C+](C)Br,1.8
1587,COCC(Cl)I,1.5
1588,CC(C)CCSN,1.4
1589,CCSC=N,1.1
1590,C[CH]CC(CO)O,0.2
1591,C(C[37Cl])Cl,1.5
1592,CCOC(CO)O,-0.8
1593,CCC(NCC)O,0.5
1594,CCC(C)CCC[CH2+],4.3
1595,[2H]C(F)(Cl)Cl,2.0
1596,CC=COI,1.9
1597,C1C[CH+]C[N-]C1,0.8
1598,C(CSCO)N,-0.7
1599,CCCNCCBr,1.5
1600,CCCOOOCC,1.4
1601,[CH2-]OCC[O+]=C,0.9
1602,CN(N=O)I,0.9
1603,CCCCPCl,2.0
1604,CC(O)OCN,-0.9
1605,CCC(C[CH2])N,1.1
1606,CO[11CH2]O[11CH2]O,-0.6
1607,CC(C)(Br)I,2.4
1608,CCCNNO,0.0
1609,CCCCONCl,1.4
1610,COCOC=C,0.8
1611,C([OH+]CCl)Cl,1.5
1612,C(N)(N)(N)NN,-3.6
1613,C(=S)NI,0.6
1614,[2H]C([2H])Br,1.0
1615,C[C@H](C[C@@H](C)O)O,0.1
1616,CCC1SS1,1.7
1617,CC(O)I=O,0.0
1618,[2H]C1CCCC1C,3.4
1619,C([O])(F)(F)F,0.8
1620,C=COCCN,-0.1
1621,C[N-]CCCCN,-0.4
1622,CCC[C@@H](C)NN,0.7
1623,C(C(NN)O)N,-2.4
1624,CPCCPC,-0.4
1625,[CH2]CCCCBr,3.4
1626,CCCCN(C)C,1.7
1627,[2H]N(C)I,0.1
1628,[2H]C([2H])([2H])C(=O)C([2H])([2H])C([2H])([2H])[2H],0.3
1629,C(C(CI)O)N,-0.2
1630,C[CH-]C1CCC1,3.0
1631,[CH]CNCCO,-0.5
1632,CSCOCSC,1.6
1633,C(N(CP)CP)P,-0.4
1634,[CH2]CN1CCC1,0.8
1635,CCC(CC)[N-]C,1.7
1636,CNN(C)CN,-0.8
1637,CCSCSO,1.1
1638,C[C@@H](CCI)I,3.6
1639,C(CONCl)O,-0.6
1640,C[C@H](CO)CSC,1.0
1641,CC(C)NBr,1.1
1642,CC(C)OCO[O],0.3
1643,C(NO)Cl,0.0
1644,CCSP(C)O,0.3
1645,CC1CC[CH]C1,3.4
1646,CC[C@H](COC)O,0.4
1647,C1CSSC1,1.0
1648,CC/C=C/Br,2.2
1649,C(=S)(F)I,1.7
1650,C(CI)OC=O,1.2
1651,C[P+](S)(Cl)Cl,2.0
1652,CN(CCN)O,-1.2
1653,C(CSCCO)N,-0.9
1654,C(=C/Br)\Br,1.9
1655,C(/C=C\F)Cl,1.2
1656,CCC=COC,1.5
1657,[2H]C([2H])([2H])N1CCCC1,0.9
1658,C(CCP)CCI,2.4
1659,C[CH]CC(C)[NH3+],1.0
1660,C(C=O)SCl,0.8
1661,CCNCC(C)Cl,1.2
1662,CNN[I-]C,0.4
1663,CCP(F)P,0.7
1664,CO[C](SC)SC,1.6
1665,CCC(CC)CNC,1.8
1666,CC(C(O)F)O,-0.2
1667,C(CO)[C@H](N)O,-1.6
1668,CC(NC)NNN,-1.1
1669,CCCCNCCC,2.1
1670,CCOC(C)CCl,1.5
1671,C(C=[C]I)O,0.7
1672,C(C(Cl)Br)I,2.8
1673,C=[O+]CCC[O-],1.9
1674,[2H]C(C)C([2H])C([2H])C(=O)[2H],1.1
1675,C(CN)CN(N)N,-1.8
1676,[2H]C(C)(CC)CC,3.2
1677,CC(C([CH2+])O)N,-0.5
1678,CC[CH]C(C)O,1.2
1679,[2H]C(CC)COCCO,0.8
1680,[2H]C([2H])([2H])C([2H])([2H])C([2H])([2H])C([2H])([2H])CO,1.6
1681,C(CC(F)F)CBr,2.6
1682,COC1SS1,0.8
1683,CCSCCNN,0.1
1684,CCCSC(C)Cl,2.9
1685,[3H]I(C)C=C,2.4
1686,CN(C)CC=[CH-],0.9
1687,C(N)(N)NCl,-1.5
1688,C(OSS)I,1.7
1689,C(C=CCl)Cl,1.7
1690,CCCCC[CH]CC,3.9
1691,CCCCCNCC,2.0
1692,CCNCCOCC,0.4
1693,CC(CCOC)O,0.2
1694,CC(CCN)CN,-0.5
1695,CCCCNON,0.3
1696,[2H]C(=C([2H])C([2H])([2H])C([2H])([2H])C([2H])([2H])[2H])[2H],2.4
1697,COP(N)O,-1.3
1698,CCOP(O)F,0.4
1699,CC(OC)Br,1.4
1700,C[C@@H](CCl)Cl,1.8
1701,CSCC[S-],1.2
1702,[2H]/C(=C/F)/[37Cl],1.2
1703,C=CCSO,0.6
1704,C(C(CCl)Br)S,1.9
1705,CCC(O)ON,-0.3
1706,C(CN(N)N)NN,-2.4
1707,[3H]C(COOCC)O,-0.2
1708,C(=S)SC=S,1.7
1709,CCCCC(F)S,2.8
1710,C1=C[PH+]=CC=[PH+]1,-2.1
1711,C(OCF)F,1.0
1712,[CH2-]CCON=C,2.7
1713,COCCO[CH],-0.2
1714,C(NN)(F)F,0.0
1715,C(OC(O)O)OO,-1.6
1716,C1CSCCP1,0.3
1717,C(N)SSCN,-0.8
1718,C(O)(O)(F)S,-0.3
1719,[2H]C([2H])(CC)CCI,3.6
1720,C(O)(O)(F)Cl,0.0
1721,CC(C)CCOI,2.6
1722,C(O[C@H](N)S)Cl,0.4
1723,CC[C@H](CSC)N,0.9
1724,[13CH3][13CH2][13CH2][13CH2][13CH2][13CH2]Br,3.8
1725,CCS[C]=C,1.7
1726,CC[C@H](C)I,2.8
1727,C1=CPNNN1,-0.5
1728,C1=C[14CH]=NC=C1,0.7
1729,C(CSO)CSO,0.1
1730,CC(CCl)ON,0.4
1731,C/C=C/CCBr,2.3
1732,CCNPCC,0.4
1733,CCOSOC,0.9
1734,[CH]N1C=NN=C1,-0.6
1735,CC(CF)CI,2.5
1736,C(O)SSSSCO,0.6
1737,C(C(O)(O)O)P,-2.1
1738,CCC(CSC)F,2.2
1739,CC[NH+](CC)[CH-]C,1.4
1740,C(COI)OI,1.6
1741,[2H]CC(=S)I,1.4
1742,CCC(C)CC[CH2-],3.7
1743,C(Cl)(Cl)Cl,2.3
1744,C([N+](=O)[O-])Br,0.9
1745,C(CBr)NC=O,0.3
1746,CSCC=O,0.4
1747,CC(CCCO)F,1.0
1748,CCC=CCS,1.8
1749,C(O)(S)S,0.4
1750,C(CCl)SC=O,1.3
1751,CCCN(N)NC,0.2
1752,COCCCOC[CH],0.7
1753,CP(C)CCPCl,0.4
1754,CC(C)CCO,1.2
1755,CSC(Cl)Cl,2.3
1756,[3H]P(C)P,-0.2
1757,CCNPN(C)C,0.3
1758,C[C@@H]([C@H](C)I)Cl,2.8
1759,C[C@@H](CCO)F,0.7
1760,C[C@@H](CNC)N,-0.7
1761,CC(C)NSNC,0.8
1762,C1=CN=CP=C1,0.0
1763,CCCPPN,0.0
1764,C[NH2+]CCC[NH2+]C,-0.3
1765,C[OH+]CCP,-0.2
1766,C([O-])I,1.4
1767,CCC[C@H](CBr)O,1.6
1768,C(CI)C(F)F,2.5
1769,C(CCl)SCCCl,2.1
1770,C(CCl)OC([O-])[O-],1.8
1771,C(CI)N=O,0.7
1772,C(NS)Br,1.1
1773,C[CH+]CCCN,1.5
1774,[2H]C([2H])([2H])C([2H])([2H])C([2H])([2H])C([2H])(C([2H])([2H])[2H])C([2H])([2H])[2H],3.2
1775,C(CCl)NSCl,1.6
1776,CP(C)CCS,0.2
1777,CC(C)CCOO,1.3
1778,CNC(CS)S,0.5
1779,CCNCC[O],-0.5
1780,C(CCCl)COI,2.2
1781,COOOI,1.0
1782,C(=C\I)\P,0.9
1783,C(CF)[C@@H](O)S,0.7
1784,CSPP=C,0.8
1785,C1CPPC1,-0.1
1786,C(CI)N,0.4
1787,[CH2-]CN([CH2])C[CH2+],1.0
1788,C1C(CS1)F,1.1
1789,CI(P)I,2.1
1790,[2H][C]([ClH+])Cl,1.5
1791,C(NN=O)I,0.8
1792,C(Cl)[37Cl],1.5
1793,CC(CO)Cl,0.6
1794,CC(CN)NC,-0.7
1795,CC(N)(Cl)Cl,0.9
1796,C(=S)(F)Br,2.0
1797,CCCC(C)CN,1.5
1798,CP(C)F,0.5
1799,CC(CSS)O,0.7
1800,CN(C)CC[NH],-0.7
1801,CC(OC)OBr,1.4
1802,CC(C)(C)NS,1.3
1803,CC(C)NCCO,-0.1
1804,C(COO)NO,-1.3
1805,CP(N)[S-],-0.3
1806,CN(C)CC[NH2+][CH2-],-0.2
1807,C(CCl)N=O,0.2
1808,COCCCP,0.1
1809,[2H]C1(CSCC(S1)([2H])[2H])[2H],1.3
1810,C(C(CCl)I)S,2.1
1811,C([C@@H](CBr)O)F,0.7
1812,[2H]C([2H])(C#C)Br,1.1
1813,CPOCI,0.7
1814,CC(C)(C[CH])C[CH],3.6
1815,C(CI)C(N)N,0.0
1816,C[C](C)C(F)Cl,2.7
1817,[2H][13C](Cl)(Cl)Cl,2.3
1818,CC(CSC)Br,2.1
1819,C1CO[CH+]CO1,-0.3
1820,CC=CI,2.0
1821,[2H]C([2H])(CCC)CI,3.6
1822,[C-](Br)(Br)Br,2.8
1823,C(CSSN)N,-0.8
1824,COC(OC)S,0.5
1825,CNCI,0.5
1826,C(CN(O)O)NO,-1.6
1827,CC[C-](CC)CC,3.7
1828,CC(C)[15NH]C(C)C,1.4
1829,CC(COC)F,0.9
1830,CCN(CO)CO,-0.5
1831,[CH-](NN[CH-]I)I,1.1
1832,CNN(C)NC,-0.2
1833,CCPCCP,0.0
1834,C(NN)OC=O,-0.9
1835,C(CBr)SF,1.8
1836,C(CO)N(I)I,0.3
1837,C[P+](=O)P,-0.9
1838,C=COCC[O-],1.3
1839,C(CP)CI,1.4
1840,CN(Cl)Br,1.1
1841,C([PH3+])Br,0.8
1842,C(C(CCl)CCl)O,1.0
1843,CC[C@@H](C)C(C)CC,4.0
1844,CCN(CC)PC,0.9
1845,[2H]/C(=C(/[2H])\CBr)/CC,2.3
1846,CN(I)I,1.0
1847,CC(N(O)O)O,-0.9
1848,CCONC=C,1.3
1849,[CH2]CCCBr,2.8
1850,[2H]C([2H])(CBr)O,0.2
1851,CC[13C+](C)CC,3.2
1852,C(=N/S)\[NH2+][S-],0.8
1853,CCC[C@H](O)I,1.6
1854,C[P+](C)(C)P,-0.2
1855,CCCSOO,0.9
1856,COCP(P)Br,0.7
1857,C[I-]COCI,2.2
1858,C[C@H](CON)O,-0.9
1859,CC(C)OSOS,1.8
1860,C[I-]NOI,1.5
1861,C(F)(F)(F)[S-],1.7
1862,CC[C+](C)C[CH+]C,3.7
1863,CCCSCOC,1.7
1864,CCP(CC)S,1.2
1865,C=PP(P)P,0.2
1866,CSSNCCS,1.0
1867,[C-]#C[I-]I,2.1
1868,C(C(S)Cl)F,1.6
1869,CC(C)CC[CH2+],3.2
1870,[13CH2]([13CH2]Br)[13CH2]Br,2.4
1871,CC(CCOC)N,-0.1
1872,[CH](Br)I,1.7
1873,CCCC(C)[NH3+],1.0
1874,C(C(O)O)OCF,-0.7
1875,CC(C)CPCO,0.7
1876,C(CPCCN)N,-2.0
1877,CC(CCCN)Br,1.2
1878,CCCSCN,0.9
1879,C(CCCCl)CCS,2.5
1880,C[CH-]C(C)[CH+]C,3.2
1881,CC(P)I,1.1
1882,C=NNNI,2.0
1883,C(CCl)P=O,-0.2
1884,COP(C)OC,0.0
1885,[13CH2]([13CH]([13CH2]Cl)O)O,-0.5
1886,CC[C@@H](CO)CI,1.8
1887,CCN(CC)C[CH]C,2.2
1888,CCOCSSC,1.2
1889,C1CCN(C1)N,-0.6
1890,CC(C)CS,1.8
1891,C(=NF)NF,0.4
1892,C1CNSCN1,-0.3
1893,[C](F)(Cl)Cl,2.0
1894,CC(N(C)C)Cl,1.4
1895,C(ONS)I,1.1
1896,COC(CCO)O,-0.8
1897,C(CF)NCCCl,0.7
1898,CNC(CN)NC,-1.4
1899,CSI(C)C,2.7
1900,CPOOPC,-0.1
1901,CCONOS,0.7
1902,C(OOO)(F)F,0.6
1903,C(=C/I)\NF,1.2
1904,CP(C)CC=C,0.6
1905,COCCNN,-1.1
1906,CCSSCC[NH3+],0.3
1907,[14CH3]I,1.5
1908,CN(C)P=O,-0.2
1909,CC(CCCCl)Br,2.7
1910,CCC(CCO)I,2.0
1911,CC[CH+]C[CH-]C,3.9
1912,CCCCC[19F],2.3
1913,C(O[O])(Br)(Br)Br,2.0
1914,CNOCCC[18F],0.5
1915,COCOC=O,0.1
1916,[2H]/C(=C\F)/[35Cl],1.2
1917,C1(=NSS1)N,0.2
1918,CCOPSO,0.3
1919,CC(C)CC=P,0.2
1920,CC[C@@H](CNN)N,-0.9
1921,C(OOO)Cl,0.3
1922,[CH2]CCC(N)N,-0.2
1923,[2H]C([2H])([2H])N(CCCN)C([2H])([2H])[2H],-0.3
1924,C(C[I-]F)I,3.0
1925,C[P+](=S)C,0.9
1926,CCCC(F)S,2.3
1927,[3H]NC(=S)N([3H])[3H],-0.8
1928,[3H]C([3H])(C)C(C)O[3H],0.6
1929,C(C=CP)P,-0.3
1930,CCSPC,0.7
1931,CC(C)SO,0.8
1932,[3H]P(P=NC)I,0.8
1933,[2H]C([2H])([2H])C([2H])([2H])C([2H])([2H])N=O,0.5
1934,C[N-]PP,-0.4
1935,CCP(C)[O-],-0.3
1936,[2H]C(CC)(CCC)F,2.8
1937,CCCNC(O)O,-0.4
1938,C(C(CBr)Br)Cl,2.4
1939,CCCSC(Cl)Cl,3.2
1940,C/C=C\C[S-],1.4
1941,CONSC[I-]O,0.6
1942,[2H]OSC(CC)CC,1.8
1943,C(F)(F)I(F)F,2.9
1944,COOOOOS,0.7
1945,CCCC(C)I,3.4
1946,[3H]C(=S)P(O)O,-0.7
1947,CC[S+](CC)I,2.5
1948,[H][C@@]([2H])([C@@]([H])([2H])Br)Br,2.0
1949,C=NI,2.3
1950,C[C@H](COC)[NH3+],-0.4
1951,C[C@@H](COC)N,-0.4
1952,C1PP1P,-0.4
1953,C(=S)(F)[S-],1.4
1954,[2H]CC([2H])(C([2H])([2H])[2H])C([2H])([2H])C([2H])([2H])N([2H])[2H],1.0
1955,CCNCCPCC,0.2
1956,COOOOC,0.2
1957,COCCN[CH],-0.4
1958,C[C@H]([C@H](F)Br)Br,2.7
1959,CCC[S](CCC)S,3.2
1960,[2H][13CH](C(C([2H])([2H])O)O)O,-1.8
1961,C[C]=CCCO,0.9
1962,[CH]I,1.5
1963,C=CCOCN,-0.1
1964,CC(C)CS[CH2],2.2
1965,CC(CCOO)O,-0.3
1966,CSC(CCl)Cl,2.2
1967,CCSCC[NH3+],0.3
1968,C(OS)(F)F,1.5
1969,CCSCCPO,0.4
1970,COSOSOC,1.1
1971,C[CH]C(C)OO,0.9
1972,[2H]C(N(CO)CO)O,-1.5
1973,CCNCNI,0.2
1974,CSSSSC,1.8
1975,C=CSCO,0.8
1976,[CH]CCCCl,2.6
1977,[2H]C([2H])(C([2H])([2H])Br)O,0.2
1978,C[C@H](CCCl)NC,1.2
1979,CCCC(C)[CH2],3.2
1980,CC/C=C\CI,2.7
1981,CC(C(O)Br)Br,1.7
1982,C(O)OCF,-0.1
1983,CCC[C@H](C)CCl,3.0
1984,[2H]CN(CCCl)C([2H])([2H])[2H],0.3
1985,C(CO)N[S-],-0.4
1986,C(C[S]=O)F,0.8
1987,CC(C=S)Br,1.5
1988,CCC=[O+]CC,0.4
1989,CCI(C)SS,3.3
1990,CCC(C)NC[CH2],1.4
1991,[CH]1[CH][CH][C]([CH]1)S,1.8
1992,CC(C)(C)C[CH2],3.0
1993,CCCCCSCN,1.8
1994,COSBr,1.5
1995,COCCSS,0.8
1996,CC(O)OCI,0.7
1997,COCCSSC,0.8
1998,[2H]C1=CN=CC=N1,-0.2
1999,C(=[13CH]/[35Cl])\F,1.2
2000,[CH]CCCC[CH],3.9
2001,C(NPNI)OP,-0.4
